job,date,ran,cause
guard_margin_rotation,2026-09-22,True,
runtime_fingerprint,2026-09-22,True,
guard_margin_rotation,2026-09-23,True,
runtime_fingerprint,2026-09-23,True,
guard_margin_rotation,2026-09-24,True,
runtime_fingerprint,2026-09-24,True,
guard_margin_rotation,2026-09-25,True,
runtime_fingerprint,2026-09-25,True,
subject_fingerprint,2026-09-25,True,
guard_margin_rotation,2026-09-26,True,
runtime_fingerprint,2026-09-26,True,
subject_fingerprint,2026-09-26,True,
guard_margin_rotation,2026-09-27,True,
runtime_fingerprint,2026-09-27,True,
subject_fingerprint,2026-09-27,True,
guard_margin_rotation,2026-09-28,True,
runtime_fingerprint,2026-09-28,True,
subject_fingerprint,2026-09-28,True,
guard_margin_rotation,2026-09-30,True,
runtime_fingerprint,2026-09-30,True,
subject_fingerprint,2026-09-30,True,
guard_margin_rotation,2026-10-01,True,
runtime_fingerprint,2026-10-01,True,
subject_fingerprint,2026-10-01,True,
full_sweep,2026-10-02,True,
guard_margin_rotation,2026-10-02,True,
runtime_fingerprint,2026-10-02,True,
